"","page","page_id","post_id","comment_id","text","tags"
"1","facebook","100064249467077","0ce02415d54bf57a7a8b64a9fb1c83a7","322482243630617","""Expertos""","
expertos, polÃ­tica, impuestos, enojo, educaciÃ³n"
"2","facebook","100064249467077","b74d2885571acded6877a8fe7b889e8f","837787064333571","Por ser tan creyenseros idolatran mucho a la muerte y a personas que nada que ver...","muerte, idolatrÃ­a, creyentes, personas."
"3","facebook","100064249467077","b74d2885571acded6877a8fe7b889e8f","1259839762080442","26 No harÃ©is para vosotros Ã­dolos, ni escultura, ni os levantarÃ©is estatua, ni pondrÃ©is en vuestra tierra piedra pintada para inclinaros a ella; porque yo soy JehovÃ¡ vuestro Dios. Lev 26"," jehovÃ¡, dios, Ã­dolos, escultura, estatua, piedra pintada"
"4","facebook","100064249467077","b74d2885571acded6877a8fe7b889e8f","839882314378276","MÃ©xico es un paÃ­s idolatra mucho santerismo y Dios abominable  a eso"," santerÃ­a, religiÃ³n, mÃ©xico, dios."
"5","facebook","100064249467077","b74d2885571acded6877a8fe7b889e8f","150207434805730","Protestantes en 3, 2, 1...","

manifestaciÃ³n, protesta, democracia, libertad, liberaciÃ³n, derechos humanos, empoderamiento, democracia participativa."
"6","facebook","100064249467077","b74d2885571acded6877a8fe7b889e8f","311591834787711","En estos dias un grupo de feministas logro que les legalizaran el aborto y semanas atras todo el pais celebro a un trans porque gano un programa. Mexico esta siendo advertido"," aborto, feminismo, legalizaciÃ³n, transgÃ©nero, celebraciÃ³n, celebridades, mÃ©xico, programa de televisiÃ³n."
"7","facebook","100064249467077","b74d2885571acded6877a8fe7b889e8f","998510148086945","Vengo por los comentarios","
comentarios, educaciÃ³n, participaciÃ³n de los ciudadanos, democracia, derechos, gobierno, impuestos."
"8","facebook","100064249467077","b74d2885571acded6877a8fe7b889e8f","840961254434563","LevÃ­tico 26:1"," levÃ­tico, 26:1, obediencia, promesa, bendiciÃ³n. 

levÃ­tico, 26:1, obediencia, promesa, bendiciÃ³n, dios, adoraciÃ³n, recompensa, castigo, constancia."
"9","facebook","100064249467077","b74d2885571acded6877a8fe7b889e8f","983938132867554","NingÃºn dios existe.","dios, existencia, creencias, religiÃ³n"
"10","facebook","100064249467077","b74d2885571acded6877a8fe7b889e8f","1038593787494994","ğŸ˜³","

gobierno, impuestos, protestas, justicia, ingresos, desigualdad, educaciÃ³n, empleo, desarrollo, estado."
"11","facebook","100064249467077","b74d2885571acded6877a8fe7b889e8f","1037070494101173","Pamela Paniagua ","

alerta, contaminaciÃ³n, sanamiento, impacto ambiental, conservaciÃ³n, agua, calidad de aire."
"12","facebook","100064249467077","b74d2885571acded6877a8fe7b889e8f","276327331838845","Zeus 1 JesÃºs 0"," zeus, jesÃºs, religiÃ³n, espiritualidad, mito, dioses"
"13","facebook","100064249467077","b74d2885571acded6877a8fe7b889e8f","272800882267774","ğ–¸ ğ—‡ğ—‚ ğ–¾ğ—‡ ğ–ºğ—Œğ—‚ ğ–ºğ–»ğ—‹ğ–¾ğ—‡ ğ—…ğ—ˆğ—Œ ğ—ˆğ—ƒğ—ˆğ—Œ...","

economÃ­a, impuestos, polÃ­tica, protestas, democracia, desigualdad, poblaciÃ³n, infraestructura."
"14","facebook","100064249467077","7f7c10a433a734059f0b24c8ee089fb6","791328829392832","A puro esfuerzo y calidad , sin Ã¡rbitroS"," trabajo, esfuerzo, calidad, Ã¡rbitro."
"15","facebook","100064249467077","7f7c10a433a734059f0b24c8ee089fb6","839577087701725","Jackie Arce "," mujer, lucha por los derechos, equidad de gÃ©nero, escritora, periodista.

mujer, lucha por los derechos, equidad de gÃ©nero, escritora, periodista, desigualdad, feminismo, justicia, activismo."
"16","facebook","100064249467077","c4843b380ae8e4384dfedc4ec31d3b63","674336011423329","ğŸ™ğŸ™ğŸ™ğŸ™ğŸ’ªğŸ‘","
impuestos, enojo, educaciÃ³n, familia, gobierno, relaciones amorosas, bienestar financiero, presiÃ³n laboral."
"17","facebook","100064249467077","d0c600590b9e4f85b2631ea134546717","1299873353976374","Ni en Cartago que estÃ¡ terriblemente colapsado menos ahÃ­"," cartago, colapso, impuestos, enojo, educaciÃ³n."
"18","facebook","100064249467077","d0c600590b9e4f85b2631ea134546717","997950861541596","no me parece la verdad la unica forma que trabajen para el pueblo esque sientan los mismo que el pueblo todos los dias ğŸ˜ŒğŸ˜ŒğŸ˜Œ","

pueblo, polÃ­tica, impuestos, enojo, educaciÃ³n."
"19","facebook","100064249467077","d0c600590b9e4f85b2631ea134546717","680197897017556","Si claro hacer tele trabajo en reforma ğŸ¤£ğŸ˜‚ğŸ¤£ğŸ˜‚ğŸ¤£ğŸ˜‚ğŸ¤£ğŸ˜‚"," reforma fiscal, impuestos, polÃ­tica, contribuciÃ³n, trabajo a distancia, economÃ­a."
"20","facebook","100064249467077","499b5c342e3a09fab2ea15f5808470a5","251983357245801","Fernandez Ramirez William ","

medicina, salud, sistema de administraciÃ³n de servicios de salud, covid-19, urgencias mÃ©dicas, seguridad social, recursos escasos, contribuciones, acceso universal a la atenciÃ³n de salud."
"21","facebook","100064249467077","b4ae3209d41b70ac752da5b608c634b8","675334447963392","Ya cÃ¡lmate Baruch ğŸ¤£"," estudios, nivel educativo, gobierno, financiamiento, impuestos."
"22","facebook","100064249467077","36d1ead8156f77237f3115f4fa767dd4","9961160393953976","Par de malos","

impuestos, estado de bienestar, pib, estabilidad econÃ³mica, educaciÃ³n, equidad, inversiÃ³n social, justicia social."
"23","facebook","100064249467077","6675714172bd7d689b2a16119e593fa4","692496855662484","QuÃ© bueno!  Excelente!!!"," educaciÃ³n, enojo, impuestos, polÃ­tica."
"24","facebook","100064249467077","39dc8ae47da817dd6af83cb5f9f293f4","332910495853356","Tenemos que cambiar la forma de jugar el campeonato, innovemos el fÃºtbol. Que sea campeÃ³n el equipo q menos ayudas reciba. O sea la S y la liga nunca campeones ğŸ¤£ğŸ¤£","fÃºtbol, innovaciÃ³n, campeonato, equipo,ayuda."
"25","facebook","100064249467077","39dc8ae47da817dd6af83cb5f9f293f4","992518125297255","Lindo campiÃ³n","

impuestos, economÃ­a, recaudaciÃ³n fiscal, energÃ­as renovables, gobierno, sostenibilidad, polÃ­ticas pÃºblicas."
"26","facebook","100064249467077","39dc8ae47da817dd6af83cb5f9f293f4","602003822101111","IncreÃ­ble Saprissa, jugando con 16 bajas, hasta con sub 20 y jugando ese fÃºtbol, como si no faltara nadie, hoy recuperamos el primer lugar que nunca debieron quitarnos debido a los Ã¡rbitros, se sabe lo que pasÃ³ en Alajuela y que los Ã¡rbitros no van a permitir que pierda a pesar del baile que le dimos e igual contra Heredia que los Ã¡rbitros hicieron posible que Heredia ganara, demostramos por que somos Saprissa, con un equipo C y D de igual forma jugamos solos prÃ¡cticamente, actualmente tenemos al mejor jugador del campeonato Ariel RodrÃ­guez, al goleador Javon East, y todo eso jugando con la banca, y seguimos de primer lugar en todo, 4 torneos al hilo invictos en las finales y contando, ahora a esperar a quiÃ©n nos va a tocar en la gran final y tambiÃ©n en la final de Concacaf para mantener ese paso perfecto de ganar todos los torneos que disputamos ğŸ‘ğŸ‘ğŸ‘ğŸ‘ğŸ‘ğŸ’ªğŸ’ªğŸ’ªğŸ’ªğŸ’ªğŸ’ªğŸ†ğŸ†ğŸ†ğŸ†ğŸ†ğŸ†ğŸ†ğŸ†ğŸ†ğŸ†ğŸ†ğŸ†ğŸ†ğŸ†ğŸ†ğŸ†ğŸ†ğŸ†ğŸ†ğŸ†ğŸ†ğŸ†ğŸ†ğŸ†ğŸ†ğŸ†ğŸ†ğŸ†ğŸ†ğŸ†ğŸ†ğŸ†ğŸ†ğŸ†ğŸ†ğŸ†ğŸ†ğŸ†ğŸ†ğŸ†ğŸ†ğŸ†ğŸ†ğŸ†ğŸ†ğŸ†ğŸ†ğŸ†ğŸ†ğŸ†ğŸ†ğŸ†ğŸ†ğŸ†ğŸ†ğŸ†ğŸ†ğŸ†"," fÃºtbol, saprissa, invicto, goleadores, primer lugar, campeonato, Ã¡rbitros, concacaf, final, torneos."
"27","facebook","100064249467077","39dc8ae47da817dd6af83cb5f9f293f4","973448043734992","El que este libre de regalÃ­as arbitrales que haga el primer comentario!"," impuestos, economÃ­a, redistribuciÃ³n de la riqueza, recaudaciÃ³n de tributos."
"28","facebook","100064249467077","39dc8ae47da817dd6af83cb5f9f293f4","1503993610369446","Un penal no pitado a favor de Liberia, un penal que no fue, pitado a favor de TibÃ¡s, y un gol bien logrado del llorÃ³n. La presiÃ³n de la sapriprensa logrando sus frutos ğŸ¤®ğŸ¤®."," liberia, tibÃ¡s, gol, pressure, prensa"
"29","facebook","100064249467077","39dc8ae47da817dd6af83cb5f9f293f4","295339056571521","Pues con un Ã¡rbitro asÃ­ podÃ­an jugar con 5","

Ã³ptimismo, deporte, humildad, conflicto, lecciÃ³n."
"30","facebook","100064249467077","39dc8ae47da817dd6af83cb5f9f293f4","822840402635954","LÃ¡stima que el fÃºtbol tico  va para abajo no hay competencia leal, todo casi es apariencia,  saprissa puede comprar todos los mejores jugadores del mercado hacer una selecciÃ³n por su poder econÃ³mico,  pero no basta tienen poder en el arbitraje tanto que son capaces de congelar a los Ã¡rbitros por influencias, es ridÃ­culo que piten penal por Walton que se cae en el Ã¡rea, es un descaro, pero como no eles estaba haciendo bien con el humilde Liberia, ahÃ­ la ayuda"," fÃºtbol, saprissa, arbitraje, walton, poder econÃ³mico, influencia, descaro, liberia."
"31","facebook","100064249467077","39dc8ae47da817dd6af83cb5f9f293f4","1339081323382482","Â¡Esas son buenas noticias! Debe haber sido una dura batalla. Los tibaseÃ±os realmente mostraron su fuerza y â€‹â€‹determinaciÃ³n. Â¡Merecen todos los elogios por su victoria! ğŸ‰ğŸ¥³"," tibas, fuerza, batalla, determinaciÃ³n, elogios, victoria."
"32","facebook","100064249467077","39dc8ae47da817dd6af83cb5f9f293f4","682676900440366","Menos la del arbitro","

protesta, derechos humanos, libertad de expresiÃ³n, estado, ley, democracia, impuestos, servicios pÃºblicos, disidencia, violencia policial."
"33","facebook","100064249467077","39dc8ae47da817dd6af83cb5f9f293f4","1006202227353124","Y los penales quÃ© le regalaron de eso no dicen nada","

gobierno, impuestos, servicios pÃºblicos, enojo, educaciÃ³n, protestas, venezuela."
"34","facebook","100064249467077","39dc8ae47da817dd6af83cb5f9f293f4","1007767710490517","Cuales bajas ???? Y los Ã¡rbitros."," 

movimiento social, protesta, sistema educativo, impuestos, desigualdad, fiscalizaciÃ³n, gobierno."
"35","facebook","100064249467077","39dc8ae47da817dd6af83cb5f9f293f4","1463978537721368","Va a dormir poco con el liderato"," liderato, enojo, dormir, educaciÃ³n"
"36","facebook","100064249467077","39dc8ae47da817dd6af83cb5f9f293f4","1590675031458758","SI ANGULO Y COLINDRES SE LES OLVIDO QUE JUGABAN CON LIBERIA"," libertad, infancia, recuerdos, nostalgia.

libertad, infancia, juegos, recuerdos, nostalgia."
"37","facebook","100064249467077","39dc8ae47da817dd6af83cb5f9f293f4","976416926994693","Pero con todos perdieron el clÃ¡sico.","

fÃºtbol, deporte, copa argentina, final, pj libertadores, pasiÃ³n, tristeza."
"38","facebook","100064249467077","39dc8ae47da817dd6af83cb5f9f293f4","234811219147583","Pero tenÃ­an al principal jugador, el Ã¡rbitro"," Ã¡rbitro, politica, impuestos, enojo, educaciÃ³n"
"39","facebook","100064249467077","39dc8ae47da817dd6af83cb5f9f293f4","312056404834125","Grace Garita ","

industria textil, globalizaciÃ³n, impacto ambiental, producciÃ³n textil, sostenibilidad."
"40","facebook","100064249467077","39dc8ae47da817dd6af83cb5f9f293f4","322904950217268","Este tal Jabon invita a que le hagan como mono. Celebra raro sus goles."," jabon, goles, mono, celebraciÃ³n"
"41","facebook","100064249467077","39dc8ae47da817dd6af83cb5f9f293f4","1483993895735335","Cremita de rosas y mucho mosote"," rosas, cremita, mosa, flores"
"42","facebook","100064249467077","f4c7dc64a5ac7cf576f94ac622dd11b6","515900434071822","Que ganga ir a votar!! Por quiÃ©n? si todos son unos sinvergÃ¼enzas que llegan a ver de quÃ© se lucran!!"," votar, politica, lucro, sinvergÃ¼enzas."
"43","facebook","100064249467077","05b5bc5aa57508887b8dbd5bc2ef2e38","3174249496213000","Y entonces, cuÃ¡l serÃ­a la razÃ³n de subcontratar? Muy inteligentes, parece que esas diputadas, sÃ³lo sirven para marchas contra la policÃ­a  y actos de vandalismo pÃºblico."," politica, impuestos, enojo, educaciÃ³n, subcontrataciÃ³n, diputadas, marchas, policia, vandalismo."
"44","facebook","100064249467077","c26ab55bf261474509eb3ffb8b9861c2","1978110565894160","Pero hay varias RATAS (Arias, Alvarado, Chinchilla, Solis, BolaÃ±os, Baruch, etc, etc), que le han robado mÃ¡s al paÃ­s y andan por la libre."," 

politica, impuestos, enojo, corrupciÃ³n, ratas, arias,alvarado, chinchilla, solis, bolaÃ±os, baruch."
"45","facebook","100064249467077","c26ab55bf261474509eb3ffb8b9861c2","153536834415038","Calderon Fran ","emergencia econÃ³mica, recesiÃ³n, crisis financiera, agenda legislativa, enojo ciudadano.

emergencia econÃ³mica, recesiÃ³n, crisis financiera, agenda legislativa, enojo ciudadano, polÃ­tica, impuestos, educaciÃ³n."
"46","facebook","100064249467077","8bdd2d2060159dbf0bbe82fbec812834","833221975051260","Es bien difÃ­cil maniobrar con tantÃ­sima rigidez en el presupuesto. CÃ³mo se puede cambiar el rumbo del paÃ­s si no hay manera de invertir en nuevas prioridades?"," presupuesto, inversiÃ³n, prioridades, paÃ­s, rigidez."
"47","facebook","100064249467077","8bdd2d2060159dbf0bbe82fbec812834","625772653023647","Intereses","
                    
educaciÃ³n, estudiantes, investigaciÃ³n, emprendimiento, tecnologÃ­a, competencia."
"48","facebook","100064249467077","8bdd2d2060159dbf0bbe82fbec812834","1560866267655147","Gracias Oscar Arias Y 40 aÃ±os de Gobiernos del PLN"," pln, oscar arias, gobiernos, costa rica, democracia"
"49","facebook","100064249467077","d02c0077509ac1f435845b74e9eae03a","1310051716567061","No pude estar. LÃ¡stima.  Ge disfrutado varios y sin mÃ¡s que excelentes !!!"," politica, impuestos, enojo, educaciÃ³n"
"50","facebook","100064249467077","04191c3cf7fffc62136e840848319724","980587479939400","Ya es hora, por fin PanamÃ¡ va a hacer algo, por lo menos q pasen menos....  y CR debe empezar a hacer algo tambien..."," panamÃ¡, impuestos, responsabilidad, justicia."
"51","facebook","100064249467077","04191c3cf7fffc62136e840848319724","812381437194951","Muchos de esos migrantes, de antemano, ya saben que es prÃ¡cticamente imposible llegar hasta los Estados Unidos:deben recorrer el DariÃ©n, PanamÃ¡, Costa Rica, el resto de paÃ­ses de CentroÃ¡merica, luego llegar a MÃ©xico y es este paÃ­s  precisamente ,el principal obstÃ¡culo.De aquÃ­ no pasan.En fin , es toda una odisea.","migrantes, estados unidos, panamÃ¡, costa rica, centroamÃ©rica, mÃ©xico, odisea."
"52","facebook","100064249467077","04191c3cf7fffc62136e840848319724","3437730813144438","Las organizaciones internacionales deberÃ­an Po ar esa migraciÃ³n exponiendo vida de menores de edad. Que luchen, por cambiar las cosas en sus paÃ­ses."," migraciÃ³n, organizaciones internacionales, menores de edad, lucha, cambios."
"53","facebook","100064249467077","04191c3cf7fffc62136e840848319724","796919018876369","Calderon Fran ","

polÃ­tica, impuestos, enojo, educaciÃ³n, felipe calderÃ³n, reformas, recursos econÃ³micos, desigualdad."
"54","facebook","100064249467077","04191c3cf7fffc62136e840848319724","1022971095561280","Que se devuelvan a su casa!"," democracia, derechos humanos, ciudadanÃ­a, inmigraciÃ³n, justicia, globalizaciÃ³n."
"55","facebook","100064249467077","04191c3cf7fffc62136e840848319724","230394406300275","Ya era hora que cerrarÃ¡n la frontera de PanamÃ¡ muchos vienen vienen hacer daÃ±o ya es suficiente con la cantidad de nicas quÃ© hay aquÃ­ costa rica ya no da mÃ¡s"," frontera de panamÃ¡, daÃ±o, nicas, costa rica."
"56","facebook","100064249467077","04191c3cf7fffc62136e840848319724","1054942039220664","Son un problema, en todo sentido. Me parece bien."," 
                    impuestos, economÃ­a, gobierno, educaciÃ³n, desigualdad, ciudadanÃ­a."
"57","facebook","100064249467077","94302286e67f75dfa34ce5d85c24a4b2","1102023757440575","Claro y el monton de plata que se pierde","
politica, impuestos, enojo, educaciÃ³n, dinero, desigualdad, inversiÃ³n, desarrollo."
"58","facebook","100064249467077","94302286e67f75dfa34ce5d85c24a4b2","196949746607099","Si claro ya mÃ¡s claro que el agua porque estÃ¡n preocupados y por algo los diputados(dipurratas) les estÃ¡n dando la ayudita"," politicas, impuestos, enojo, educaciÃ³n, diputados."
"59","facebook","100064249467077","94302286e67f75dfa34ce5d85c24a4b2","1100469381338155","Por algo los empresarios estÃ¡n preocupados,","empresarios, preocupaciÃ³n, economÃ­a, impuestos."
"60","facebook","100064249467077","94302286e67f75dfa34ce5d85c24a4b2","693749269458452","Que no lo firme el Presidente y listo","presidente, impuestos, enojo, educaciÃ³n."
"61","facebook","100064249467077","94302286e67f75dfa34ce5d85c24a4b2","297498936222613","nogui acosta debe dar su veredicto porque es quien sigue el pulso de los ingresos y el presupuesto que se debe enfrentar pa cumpLir a cabaLidÃ¡...toO Lo demÃ¡s que se diga son imposturas deL GLobaLismo Exterior que quiere usurpar nuestra soberanÃ­a..."," soberanÃ­a, imposturas, pulso, ingresos, presupuesto.

soberanÃ­a, imposturas, pulso, ingresos, presupuesto, globalismo, enojo, educaciÃ³n, polÃ­tica."
"62","facebook","100064249467077","94302286e67f75dfa34ce5d85c24a4b2","1466282640876901","Jose Rodriguez ","

vacunas, inmunizaciÃ³n, coronavirus, salud pÃºblica, prevenciÃ³n, programas mÃ©dicos."
"63","facebook","100064249467077","94302286e67f75dfa34ce5d85c24a4b2","6822800537763687","Daniel Morales "," educaciÃ³n, medio ambiente, biodiversidad, economÃ­a."
"64","facebook","100064249467077","94302286e67f75dfa34ce5d85c24a4b2","333596219029362","Para salir de la lista negra con el pueblo deberÃ­an quitar esa odiosa ley de los pensionados de lujo"," pueblo, ley, impuestos, pensionados, lujo."
"65","facebook","100064249467077","94302286e67f75dfa34ce5d85c24a4b2","1052562342591602","Diay lÃ³gico...piden pronta ley para no pagar...aquÃ­ queda mÃ¡s q demostrado.q estos partidos polÃ­ticos...ya aÃ±ejos..y MaÃ±osos gobiernan para los millonarios.y el pueblo de A pie q madruga...para trabajar..para hacer mÃ¡s millonarios a estos dueÃ±os de empresas..ellos se comen la posta .y al pueblo le tiran los huesos. SINVERGÃœENZAS corruptos ğŸ˜¡"," polÃ­tica, impuestos, enojo, educaciÃ³n, diÃ¡logo, partidos polÃ­ticos, millonarios, trabajo, empresas."
"66","facebook","100064249467077","94302286e67f75dfa34ce5d85c24a4b2","840763317338116","Alfredo Orozco ","

impuestos, hacienda, ingresos, gobierno, recaudaciÃ³n, enfrentamiento, pensiones, sindicatos."
"67","facebook","100064249467077","94302286e67f75dfa34ce5d85c24a4b2","662337605959109","Alfredo Orozco ","

educaciÃ³n, impuestos, gobierno, reforma fiscal, ingresos, recaudaciÃ³n, desigualdad, recursos, servicios pÃºblicos, presupuesto."
"68","facebook","100064249467077","94302286e67f75dfa34ce5d85c24a4b2","668592491845754","Alfredo Orozco ","
variaciones climÃ¡ticas, cambio climÃ¡tico, medio ambiente, aire, emisiones contaminantes, problemas ambientales, tecnologÃ­a."
"69","facebook","100064249467077","94302286e67f75dfa34ce5d85c24a4b2","969090090861110","QUE CUENTAZO EL DE LOS SUPUESTOS EMPRESARIOS","empresarios, supuestos, impuestos, economÃ­a, sociedad."
"70","facebook","100064249467077","e28de52c174133c00a7f19d7eb32d4a2","811939067278035","Con ese destornillador se tuvo q apretar los tornillos de la cabeza ğŸ”© ....psicÃ³pata,desquiciado."," destornillador, tornillos, cabeza, psicÃ³pata, desquiciado."
"71","facebook","100064249467077","e28de52c174133c00a7f19d7eb32d4a2","239137388647557","Ah, bÃ¡rbaro.Si, un verdadero psicÃ³pata."," psicologÃ­a, enojo, verdadero, bÃ¡rbaro"
"72","facebook","100064249467077","e28de52c174133c00a7f19d7eb32d4a2","296644736324825","Calderon Fran ","
eliseo, calderÃ³n, presidente, mÃ©xico, impuestos, aumentar, resistencia, coste, gastos.

eliseo, calderÃ³n, presidente, mÃ©xico, impuestos, aumentar, resistencia, coste, gastos."
"73","instagram","87da9d760d6c79f70dab0c9e9fada14d","https://www.instagram.com/p/Cw_VdWOMf22/","f3d4c24be990134ab5dada170c6d93c1","pg_ponce
Huy que miedo ğŸ˜‚ğŸ˜‚ğŸ˜‚
15hReply
See translation"," miedo, emociÃ³n, nervios"
"74","instagram","87da9d760d6c79f70dab0c9e9fada14d","https://www.instagram.com/p/Cw_VdWOMf22/","64e3ea9e58a27e7c1f375639b2739795","fufocr
Solo la mamÃ¡ lo conoce
16hReply
See translation"," madre, familia, conocimiento, sentimiento."
"75","instagram","87da9d760d6c79f70dab0c9e9fada14d","https://www.instagram.com/p/Cw_VdWOMf22/","bd7f58734463b1ab6bba6afdf4edf826","ariacurtis146
Me salvas la vida, fuera de deudas y no creo que alguna vez pueda decirte lo mucho que significas para mÃ­, seguirÃ© contÃ¡ndole a la gente sobre tu buen trabajo en mi vida @trader_eliza_investment
16hReply
See translation","deudas, agradecimiento, economÃ­a, finanzas, traders."
"76","instagram","87da9d760d6c79f70dab0c9e9fada14d","https://www.instagram.com/p/Cw_OezuvOqj/","54c2e3f93325c87f69806edba9bf9db7","006fdza75
Importante llevar efectivo.. es otro plan B.
16h7 likesReply
See translation","efectivo, plan b, finanzas."
"77","instagram","87da9d760d6c79f70dab0c9e9fada14d","https://www.instagram.com/p/Cw_OezuvOqj/","7546d474ae47b54f1ab0e2740e5d864b","capitan_charbasca
Correr?
17h11 likesReply"," deportes, actividad fÃ­sica, salud, ejercicio"
"78","instagram","87da9d760d6c79f70dab0c9e9fada14d","https://www.instagram.com/p/Cw_OezuvOqj/","dea4c091460fa2dd21091990dd99ad92","lalsalvargas
Lavar platos ğŸ˜”
17h36 likesReply
See translation
View replies (1)"," lavar platos, tristeza, respuestas, traducciÃ³n."
"79","instagram","87da9d760d6c79f70dab0c9e9fada14d","https://www.instagram.com/p/Cw_OezuvOqj/","e11cdd13d702d10225cae9df6e0fdb30","soledadsanabriarodriguez
Pero si se da cuando estoy consumiendo y en ese momento pasa que la plataforma deja de funcionar y no he cancelado aÃºn, por ej estoy en x restaurante y se cancela luego de haber comidos, voy a pagar y me dice la cajera que se acaba de caer el Sistema
17h3 likesReply
See translation"," sistema, restaurante, plataforma, consumo, pago, cajera, enojado."
"80","instagram","87da9d760d6c79f70dab0c9e9fada14d","https://www.instagram.com/p/Cw_OezuvOqj/","d60c6150b7c25607a381cc57dbe70c10","soledadsanabriarodriguez
Y no se tiene otra cuenta.
17hReply
See translation"," solidaridad, impuestos, economÃ­a, igualdad, fomento."
"81","instagram","87da9d760d6c79f70dab0c9e9fada14d","https://www.instagram.com/p/Cw_OezuvOqj/","0783ec3a3ec9394d7451f2658c1083de","maryzol21
Osea siempre recae sobre el consumidor. Pffffff
15h1 likeReply
See translation
View replies (1)"," impuestos, consumidor, precios, impacto econÃ³mico"
"82","instagram","87da9d760d6c79f70dab0c9e9fada14d","https://www.instagram.com/p/Cw_OezuvOqj/","d927133206fbda9e3b0f16deca20d089","leiretana
Lavar platos
16hReply
See translation"," lavar platos, horas laborales, estudio"
"83","instagram","87da9d760d6c79f70dab0c9e9fada14d","https://www.instagram.com/p/Cw_OezuvOqj/","3e70f3f118d551303806ecb4477228a6","rolandogitierrez
Para eso existe el efectivo
16h3 likesReply
See translation"," economÃ­a, dinero, efectivo, impuestos, finanzas, gastos"
"84","instagram","87da9d760d6c79f70dab0c9e9fada14d","https://www.instagram.com/p/Cw_OezuvOqj/","ad67b7c2c7d8c66bef8ac3b4a0096331","enlacejuridicocr
No ir a restaurantes y cocinar en casa ğŸ˜‚ğŸ˜‚ğŸ˜‚ğŸ˜‚
13h1 likeReply
See translation"," cocinar, restaurantes, ahorro, comida, bienestar."
"85","instagram","87da9d760d6c79f70dab0c9e9fada14d","https://www.instagram.com/p/Cw_OezuvOqj/","10aaf9abf4da5b63047107fdb401025e","rolandogitierrez
Pagar
16hReply"," impuestos, finanzas, economÃ­a, rendimiento, polÃ­tica."
"86","instagram","87da9d760d6c79f70dab0c9e9fada14d","https://www.instagram.com/p/Cw_OezuvOqj/","7005a98670bf5592bdb23b32c3a7a5fc","patiweb666
Para eso estÃ¡ el sinpe. Si no quiere el comercio, pues que pena, antes eso era una tragedia, ya no.
12hReply
See translation
View replies (2)"," sinpe, comercio, tragedia"
"87","instagram","87da9d760d6c79f70dab0c9e9fada14d","https://www.instagram.com/p/Cw_OezuvOqj/","ed57a9d83c8383d29093060321d761f9","guillermo.barquero
Dejar de comer.
8mReply
See translation","alimentaciÃ³n saludable, dieta, nutriciÃ³n, hÃ¡bitos alimenticios."
"88","instagram","87da9d760d6c79f70dab0c9e9fada14d","https://www.instagram.com/p/Cw_OezuvOqj/","c5deda5a4a3c7c1a4f34b2bbeba773db","mavaji0911
Esperar
54mReply"," esperanza, bienestar, luchar, necesidades, inclusiÃ³n, superaciÃ³n, optimistas, positivos."
"89","instagram","87da9d760d6c79f70dab0c9e9fada14d","https://www.instagram.com/p/Cw_OezuvOqj/","30a8763e99ebd6007e89851ca48853f8","isbonichg
Siempre ande lo i despensable en su cartera. Ejem: Comuda, gasolina, pasajes, y su va a comprar medicinas. Hombre o mujer prevenidos valen por dos
16h3 likesReply
See translation
View replies (2)"," economÃ­a, comida, gasolina, pasajes, medicinas, prevenciÃ³n."
"90","instagram","87da9d760d6c79f70dab0c9e9fada14d","https://www.instagram.com/p/Cw_HgdJraD9/","f128d0fe151dd5e58e3b0bf9f1116a51","limola20
ğŸ’œğŸ›ğŸ™
4hReply"," solidaridad, pandemia, gratitud, cooperaciÃ³n"
"91","instagram","87da9d760d6c79f70dab0c9e9fada14d","https://www.instagram.com/p/Cw_HgdJraD9/","41d9089beeba7331dcb4af1a9b58b6ee","manupena28
Estamos en tierra de nadie, un paÃ­s sin un lÃ­der que en vez de soluciones trae excusas, la misma polÃ­tica barata del PLN, pusc y PAC ğŸ’°ğŸ
17h12 likesReply
See translation"," polÃ­tica, pln, pusc, pac, lÃ­der, soluciones, excusas, impuestos."
"92","instagram","87da9d760d6c79f70dab0c9e9fada14d","https://www.instagram.com/p/Cw_HgdJraD9/","52b02979340fc1fcfb552d92abdc8501","tenorio7887
Entonces?. La pomada canaria Zamora /Lacayo es un fracaso. Ese ministro y su arenga es un show
15h2 likesReply
See translation"," polÃ­tica, impuestos, enojo, educaciÃ³n, zamora, lacayo, ministro, show."
"93","instagram","87da9d760d6c79f70dab0c9e9fada14d","https://www.instagram.com/p/Cw_HgdJraD9/","508bb4f32b52258d00abced3482649b0","krissyamaria
Que asco de paÃ­s. PaÃ­s sin lÃ­der
17h5 likesReply
See translation"," paÃ­s, lÃ­der, asco, que asco"
"94","instagram","87da9d760d6c79f70dab0c9e9fada14d","https://www.instagram.com/p/Cw_HgdJraD9/","a2c6b04b27a3f7007bc561f2c76d1e13","charhidalgo_1306
Un paÃ­s tomando por el narcotrÃ¡fico, sumada a la corrupciÃ³n de todos los gobiernos que han pasado. A esto agreguele las habladas baratas de diputados que sÃ³lo a calentar el campo van, no han querido resolver lo de las pensiones de lujo. De quÃ© vale un paÃ­s sin ejÃ©rcito si prÃ¡cticamente tenemos mini guerrillas en barrios y sicariato por doquier! Mejor hubiera pena de muerte aunque suene mezquino, porque de quÃ© vale un paÃ­s verde y turÃ­stico si el crimen organizado lo estÃ¡ dejando mal parado internacionalmente.
9mReply
See translation"," narcotrÃ¡fico, corrupciÃ³n, diputados, pensiones, ejÃ©rcito, guerrillas, sicariato, pena de muerte, turismo, crimen organizado."
"95","instagram","87da9d760d6c79f70dab0c9e9fada14d","https://www.instagram.com/p/Cw_HgdJraD9/","804f519bb974335adecfff106d9086d5","emilyheath930
Me salvas la vida, fuera de deudas y no creo que alguna vez pueda decirte lo mucho que significas para mÃ­, seguirÃ© contÃ¡ndole a la gente sobre tu buen trabajo en mi vida @trader_eliza_investment
18hReply
See translation"," deudas, agradecimiento, recomendaciÃ³n, trader."
"96","instagram","87da9d760d6c79f70dab0c9e9fada14d","https://www.instagram.com/p/Cw_HgdJraD9/","a08502447f0b9979ba00cfb5e22da57f","sviuppjh
Me salvas la vida, fuera de deudas y no creo que alguna vez pueda decirte lo mucho que significas para mÃ­, seguirÃ© contÃ¡ndole a la gente sobre tu buen trabajo en mi vida @lisa_btc_investment__65ğŸ˜Šâœ…
17hReply
See translation"," deudas, lisa_btc_investment, gratitud."
"97","instagram","87da9d760d6c79f70dab0c9e9fada14d","https://www.instagram.com/p/Cw_AhAVMSR_/","738e8eda074112ffe4777582205bf26a","valverdegarita
Que Dios le dÃ© mucha fortaleza
16hReply
See translation"," fe, fortaleza, dios"
"98","instagram","87da9d760d6c79f70dab0c9e9fada14d","https://www.instagram.com/p/Cw_AhAVMSR_/","32f48ce2e5168995e504dd9b1633ea7a","haydeeesqui
ğŸ˜¥ğŸ˜¥ğŸ˜¥ğŸ™ğŸ™ğŸ™
19hReply"," polÃ­tica, impuestos, descontento, educaciÃ³n, gobierno, salarios, desigualdad, protestas, salud."
"99","instagram","87da9d760d6c79f70dab0c9e9fada14d","https://www.instagram.com/p/Cw_AhAVMSR_/","bccf67708ca6b97e882c969e7a403f37","sofimendezmusic
ğŸ˜ª
3hReply"," enojo, elevaciÃ³n de impuestos, intolerancia, protestas."
"100","instagram","87da9d760d6c79f70dab0c9e9fada14d","https://www.instagram.com/p/Cw_AhAVMSR_/","5fae2209a08b86f9a0b6508504a8740b","jessi_s.q
ğŸ˜¢ğŸ™Œ
18hReply"," ley aprobatoria, impuestos, ley tributaria, reforma fiscal, estado de emergencia fiscal, crÃ­ticas, profesores, sistema educativo, polÃ­tica, gobierno."
"101","instagram","87da9d760d6c79f70dab0c9e9fada14d","https://www.instagram.com/p/Cw_AhAVMSR_/","d93f4f65ec6a8109459b604259be5240","franceschigabriele
ğŸ™ğŸ™ğŸ™ğŸ™ğŸ™â¤ï¸
12hReply"," gobierno, impuestos, protesta, desigualdad, miedo, desempleo, economÃ­a, polÃ­tica, desconfianza, decepciÃ³n, incertidumbre, cambio."
"102","instagram","87da9d760d6c79f70dab0c9e9fada14d","https://www.instagram.com/p/Cw_AhAVMSR_/","8ed5e62630dc89543c6efb50f540d869","sofi2_0083
ğŸ˜¢ğŸ˜¢ğŸ˜¢
17hReply"," enojo, desigualdad, racismo, privilegio, privaciÃ³n, discriminaciÃ³n, educaciÃ³n"
"103","instagram","87da9d760d6c79f70dab0c9e9fada14d","https://www.instagram.com/p/Cw_AhAVMSR_/","513d817dedca7d3715843e6e6b93fd6e","lilianagamboavega
ğŸ™ğŸ™ğŸ™ğŸ˜”ğŸ˜”
14hReply"," turquÃ­a, presidente, recep erdogan, polarizaciÃ³n, democracia, censura, electoral."
"104","instagram","87da9d760d6c79f70dab0c9e9fada14d","https://www.instagram.com/p/Cw_AhAVMSR_/","9aca3e3bb8b5968ec1c18f342e272057","gaby____789
Que triste ğŸ˜¥ Que Dios les de fuerza y fortaleza en estÃ¡ difÃ­cil situaciÃ³n ğŸ˜¥
14hReply
See translation"," covid-19, salud, pandemia, supervivencia, tristeza, fe, resiliencia, solidaridad."
"105","instagram","87da9d760d6c79f70dab0c9e9fada14d","https://www.instagram.com/p/Cw_AhAVMSR_/","85ee4d5d5ceccbf6c002ec00c0d20220","avalerioar.87
Dios dales fortaleza a estas personas no hay palabras para el sufrimiento por el que estÃ¡n pasando en estos momentos ğŸ™ğŸ˜­
18h1 likeReply
See translation"," sufrimiento, oraciÃ³n, fortaleza, apoyo, aliento."
"106","instagram","87da9d760d6c79f70dab0c9e9fada14d","https://www.instagram.com/p/Cw_AhAVMSR_/","a28047e033639b8eb2e8ed87973b1da1","lorejimene44
ğŸ˜¢ğŸ˜¢ğŸ˜¢ğŸ˜ğŸ˜¢ğŸ˜¢ğŸ˜¢ğŸ˜¢ğŸ˜¢ğŸ˜¢
16hReply"," educaciÃ³n, impuestos, autonomÃ­a, adquisiciÃ³n de conocimiento, habilidades, estudio, competitividad, oportunidades, emprendimiento."
"107","instagram","87da9d760d6c79f70dab0c9e9fada14d","https://www.instagram.com/p/Cw_AhAVMSR_/","af722d869b16f3138c316c18447737a0","solanoriveraanarosa
ğŸ˜¢ğŸ˜¢
18hReply"," personas desempleadas, impuestos, economÃ­a, desafÃ­o global, ley de ingresos, recursos financieros"
"108","instagram","87da9d760d6c79f70dab0c9e9fada14d","https://www.instagram.com/p/Cw_AhAVMSR_/","0f3fca3f4cd3b7dcb34d89992051f3bd","milodio
ğŸ™ğŸ»ğŸ™ğŸ»ğŸ™ğŸ»ğŸ™ğŸ»
19hReply"," economÃ­a, hacinamiento, industria, desempleo, pandemia, crisis, teletrabajo, infraestructura."
"109","instagram","87da9d760d6c79f70dab0c9e9fada14d","https://www.instagram.com/p/Cw_AhAVMSR_/","6ebe4ad46b3c41e59489fdd810c50a65","masocame04
ğŸ˜¢ğŸ’”ğŸ˜”ğŸ™ŒğŸ™Que Dios les dÃ© fortaleza para continuar en medio de la tragedia y el dolor ğŸ™ŒğŸ™â³ğŸ˜”
9hReply
See translation"," tragedia, dolor, fuerza, doble impuesto."
"110","instagram","87da9d760d6c79f70dab0c9e9fada14d","https://www.instagram.com/p/Cw_AhAVMSR_/","8a859b3794fd451fe9ff46af9f148cae","petslovers_ever
ğŸ˜¢ğŸ™ŒğŸ’”
12hReply"," enojo, tristeza, optimismo, motivaciÃ³n, animaciÃ³n"
"111","instagram","87da9d760d6c79f70dab0c9e9fada14d","https://www.instagram.com/p/Cw_AhAVMSR_/","943109eab7c30fba72a8fe4be47438ce","limola20
ğŸ™ŒğŸ™‡â€â™€ï¸ğŸŒğŸŒğŸŒğŸªğŸ’”ğŸ™Œ
4hReply"," cambio climÃ¡tico, preocupaciÃ³n, gÃ©nero, empatÃ­a, solidaridad, responsabilidad."
"112","instagram","87da9d760d6c79f70dab0c9e9fada14d","https://www.instagram.com/p/Cw-5393L-7W/","3b70e7f6fbcb7151a085d8f5aa5eee78","hoffmandouglas
Jajaja esa estadÃ­stica dÃ³nde la sacaron en un colegio rural de la zona sur?? Jajajaja esos maes del centro de SJ ya usan eso y hasta mÃ¡s... E
20h12 likesReply
See translation
View replies (1)"," #jajaja, #estadÃ­stica, #colegio rural, #zona sur, #maes, #centro, #sj"
"113","instagram","87da9d760d6c79f70dab0c9e9fada14d","https://www.instagram.com/p/Cw-5393L-7W/","add389fe67ac311dc96e31586b661d69","richard_vargas19
Aunque es un debate fuerte y la vara, yo siento que es mejor oler un vapo en la calle, que oler ese olor a cigarro ğŸš¬, aunque sea 7 u 8 veces peor(segÃºn varios estudios, pero allÃ¡ cada quiÃ©nâ€¦ pero mÃ¡s que todo se usa para calmar ansiedades
20h9 likesReply
See translation
View replies (8)"," vapo, cigarros, estudios, ansiedades, calmar"
"114","instagram","87da9d760d6c79f70dab0c9e9fada14d","https://www.instagram.com/p/Cw-5393L-7W/","85b056a881d682f7bfc9c8e8c63c1e37","wh4ts_fx25
Los otros 87 mintieron jajaja
19h9 likesReply
See translation"," mintiendo, jajaja, likes, respuesta."
"115","instagram","87da9d760d6c79f70dab0c9e9fada14d","https://www.instagram.com/p/Cw-5393L-7W/","5278f6be6bf64bbc5c5159f8adc468b2","wil_bolanos
En mis aÃ±os de colegio todos eran mariguanos, hay avance ğŸ¤
19h31 likesReply
See translation"," marihuana, colegio, avance."
"116","instagram","87da9d760d6c79f70dab0c9e9fada14d","https://www.instagram.com/p/Cw-5393L-7W/","f2786d28e329f48bf5546ef51ae53885","marmoremora
No digo que este bien pero antes esos 13 ya habÃ­an fumado cigarros.
20h5 likesReply
See translation"," prohibiciÃ³n, impuestos, fumar, estudiantes, educaciÃ³n, salud, decisiones."
"117","instagram","87da9d760d6c79f70dab0c9e9fada14d","https://www.instagram.com/p/Cw-5393L-7W/","e8a28540a3f21a1f43b400a73641a88d","zukra_consultores
atrae mÃ¡s in vapeador quÃ© el estudio..
20h2 likesReply
See translation"," vapeo, estudio, atracciÃ³n, likes, respuesta"
"118","instagram","87da9d760d6c79f70dab0c9e9fada14d","https://www.instagram.com/p/Cw-5393L-7W/","b5c8deacd1fd1bfb85f47a14463929d0","migur_77
LA DROGA ES UN PELIGRO EL VAPEADOR HASTA EN EEUU HACEN
19hReply
See translation"," droga, peligro, vapeador, eeuu."
"119","instagram","87da9d760d6c79f70dab0c9e9fada14d","https://www.instagram.com/p/Cw-5393L-7W/","ab5283d0b1931dc434ff6a18eedd4c0c","sergioramirezar
QuÃ© lindo, aprenden idioteces, en vez de buscar por cabeza propia aprender Excel.
20h2 likesReply
See translation"," educaciÃ³n, excel, aprender, ignorancia"
"120","instagram","87da9d760d6c79f70dab0c9e9fada14d","https://www.instagram.com/p/Cw-5393L-7W/","9fde41f87fef89961b22be2891483965","mongeyeik
sigo invicto ğŸ‘ŠğŸ½
16hReply"," economÃ­a, presupuesto, impuestos, gastos, finanzas, ahorro."
"121","instagram","87da9d760d6c79f70dab0c9e9fada14d","https://www.instagram.com/p/Cw-5393L-7W/","1b2e0f1780c88bac18c50f325645e806","franklinmonterosolano
ğŸ˜‚ğŸ˜‚ğŸ˜‚ğŸ˜‚ y todos fuman mota
16hReply
See translation"," libertad, democracia, justicia, derechos, gobierno, responsabilidad, ciudadanÃ­a."
"122","instagram","87da9d760d6c79f70dab0c9e9fada14d","https://www.instagram.com/p/Cw-5393L-7W/","81631f87eb159282e8718c17d4faa00c","sanchobm5
La mejor opciÃ³n prohibir los dentro de las instituciones , el problema es que se han alcahuetiado y ahora ya se perdiÃ³ el control y en los hogares ni se diga ...
4hReply
See translation"," prohibiciÃ³n, instituciones, alcahuetiado, control, hogares."
"123","instagram","87da9d760d6c79f70dab0c9e9fada14d","https://www.instagram.com/p/Cw-5393L-7W/","c14da61630d9a6a87c26b8b062a54488","jr7torres1996
Q estadÃ­stica mÃ¡s mediocre, todos esos mocos se vapean....
19hReply
See translation"," estadÃ­stica, mocos, vapear"
"124","instagram","87da9d760d6c79f70dab0c9e9fada14d","https://www.instagram.com/p/Cw-5393L-7W/","6a28766138ad10022b6ae11d165707fd","xsoac44
Estos son los hijos de los cristales
20hReply
See translation"," religiÃ³n, infancia, familia, cristales, emociones, tradiciÃ³n."
"125","instagram","87da9d760d6c79f70dab0c9e9fada14d","https://www.instagram.com/p/Cw-5393L-7W/","fbfa4a4a236e10d9a0e2d210ac64cbd4","alerojas.yz
Este dato estÃ¡ malÃ­simo a
9hReply
See translation"," economÃ­a, impuestos, desigualdad, educaciÃ³n, globalizaciÃ³n."
"126","instagram","87da9d760d6c79f70dab0c9e9fada14d","https://www.instagram.com/p/Cw-5393L-7W/","2abe1908f774aedee2a64d32f2eaead6","josue27monge
Pfff tuvieron que haber prohibido el tacabo desde hace mucho
19hReply
See translation"," tacaÃ±o, prohibiciÃ³n, enojo, gastos."
"127","instagram","87da9d760d6c79f70dab0c9e9fada14d","https://www.instagram.com/p/Cw-y5UrtLBA/","42318544dd9834a1b4e167693347a11e","fabian_mch_cr
El que hace los tÃ­tulos de las publicaciones no se cerciora de que la info que titula venga en el desarrollo de la noticia de la pÃ¡gina.
4hReply
See translation"," noticias, titulos, informaciÃ³n, publicaciones, desarrollo, cerciorarse."
"128","instagram","87da9d760d6c79f70dab0c9e9fada14d","https://www.instagram.com/p/Cw-y5UrtLBA/","af1e8a195823d8187ca3bdac7467304a","dousvillegas
Y hay baÃ±azos que todavia deprecian el accionar de Bukele ....
20h9 likesReply
See translation
View replies (6)"," bukele, impuestos, enojo, opiniÃ³n pÃºblica, polÃ­tica, el salvador."
"129","instagram","87da9d760d6c79f70dab0c9e9fada14d","https://www.instagram.com/p/Cw-y5UrtLBA/","eb1f3f880d1c7f0e197395d539986c01","socialgreencr
El #1 opera en cuesta de moras
20h4 likesReply
See translation"," mora, operar, cuenta, finanzas, banca, pago, uso de tarjetas, crÃ©dito."
"130","instagram","87da9d760d6c79f70dab0c9e9fada14d","https://www.instagram.com/p/Cw-y5UrtLBA/","21dfbaa95ab2d0b2a34f596fc1605113","mtijerinoa
Desde hace bastantes aÃ±os canal 7 y canal 6 promocionaban sus narco novelas... lastimosamente eso ayudÃ³ a sembrar semillas de lo que hoy se presenta..cÃ³mo nadie ha identificado eso???
20h6 likesReply
See translation
View replies (2)"," narcotrÃ¡fico, canales de televisiÃ³n, narco novelas, promociones, identificaciÃ³n."
"131","instagram","87da9d760d6c79f70dab0c9e9fada14d","https://www.instagram.com/p/Cw-y5UrtLBA/","10713d02b405d48f581fceec0a0cd803","franklinmonterosolano
Narco cr ğŸ˜‚ğŸ˜‚ğŸ˜‚
16hReply","drogas, crimen, narcotrafico, ilÃ­cito, estados unidos, semana santa."
"132","instagram","87da9d760d6c79f70dab0c9e9fada14d","https://www.instagram.com/p/Cw-y5UrtLBA/","e63ad2161e2ce8b6e05ef225f30b6226","pablom1176
Pero hagan algo pork ya casi comemos mierda de la buena ğŸ‘ğŸ‘ğŸ‘ğŸ‘ğŸ‘
11hReply
See translation"," comida, humor, ironÃ­a, peticiÃ³n."
"133","instagram","87da9d760d6c79f70dab0c9e9fada14d","https://www.instagram.com/p/Cw-r6j2sCkU/","013e892cd8db1c7697a2e3511b906d4f","marcenegrini
ğŸ˜¢
8hReply"," felicidad, emoticones, expresiÃ³n, estado de Ã¡nimo"
"134","instagram","87da9d760d6c79f70dab0c9e9fada14d","https://www.instagram.com/p/Cw-r6j2sCkU/","4d8e726ee210e5e85c722cb097e98942","saritacburgos
ğŸ™ŒğŸ™Œ
19hReply"," actos terroristas, estado islÃ¡mico, derrocamiento de gobiernos, extremismo religioso, guerras civiles, radicalizaciÃ³n"
"135","instagram","87da9d760d6c79f70dab0c9e9fada14d","https://www.instagram.com/p/Cw-r6j2sCkU/","3c9780deca04d7c3134846955a45bfa9","gabriellaev
ğŸ˜¢
15hReply"," emociÃ³n, tristeza, desesperanza, angustia, desamparo"
"136","instagram","87da9d760d6c79f70dab0c9e9fada14d","https://www.instagram.com/p/Cw-r6j2sCkU/","f9e1511d132579ba055b359d8ebbdbdb","gladysugenia
ğŸ˜¢ğŸ˜¢ğŸ˜¢
21h1 likeReply"," educaciÃ³n, cambio climÃ¡tico, fiscalizaciÃ³n, recursos, ecologicos, presupuestos."
"137","instagram","87da9d760d6c79f70dab0c9e9fada14d","https://www.instagram.com/p/Cw-r6j2sCkU/","03d30a20a03d196c0f759229b611ede1","sofi2_0083
ğŸ˜¢ğŸ˜¢ğŸ˜¢
22h1 likeReply","crisis econÃ³mica, polÃ­tica monetaria, impuestos, desempleo, crecimiento econÃ³mico, equidad, educaciÃ³n financiera"
"138","instagram","87da9d760d6c79f70dab0c9e9fada14d","https://www.instagram.com/p/Cw-r6j2sCkU/","ee6668fdb188202643eff3f0c3cc8d0e","bdralma
ğŸ˜¢ğŸ˜¢ğŸ˜¢ğŸ˜¢
19hReply"," vivienda, salario, desigualdad, explotaciÃ³n, empleabilidad, pandemia."
"139","instagram","87da9d760d6c79f70dab0c9e9fada14d","https://www.instagram.com/p/Cw-r6j2sCkU/","6d51cf86a8725a87e496e86c35939795","alexanderherreraserrano
ğŸ˜¢ğŸ˜¢ğŸ˜¢ğŸ˜¢ğŸ˜¢ğŸ˜¢ğŸ˜¢ğŸ˜¢ğŸ˜¢ğŸ˜¢
22h2 likesReply"," migraciÃ³n, reino unido, regulaciÃ³n, brexit, inmigraciÃ³n, frontera, uniÃ³n europea, polÃ­tica, tratados."
"140","instagram","87da9d760d6c79f70dab0c9e9fada14d","https://www.instagram.com/p/Cw-r6j2sCkU/","84da8e6aea8542b9cca06365474cfaef","elizabeth_rodriguez2612
ğŸ˜¢ğŸ˜¢ğŸ˜¢ğŸ˜¢ğŸ˜¢ğŸ˜¢
20hReply","covid-19, pandemia, salud, prevenciÃ³n, cuarentena"
"141","instagram","87da9d760d6c79f70dab0c9e9fada14d","https://www.instagram.com/p/Cw-r6j2sCkU/","04b9e5ee9087155381194249fd716e2c","agchelita
ğŸ˜¢
22h2 likesReply","desempleo, economÃ­a, pandemia, ingresos, crecimiento, empresas, desigualdad, sociedad, crisis"
"142","instagram","87da9d760d6c79f70dab0c9e9fada14d","https://www.instagram.com/p/Cw-r6j2sCkU/","9faf401a02b84a3cd0be4651eca7a96c","gcedenorivera
Mis condolencias al pueblo MarroquÃ­ ,mi pÃ©same a todas esa familias que perdieron a su familiares ,
20hReply
See translation"," marruecos, pesar, vÃ­ctimas, fallecidos, luto, compasiÃ³n."
"143","instagram","87da9d760d6c79f70dab0c9e9fada14d","https://www.instagram.com/p/Cw-r6j2sCkU/","09639e30d26e5a5e1e80d101bb3133ed","laflacayco
Que lamentable
20hReply
See translation"," tristeza, desilusiÃ³n, enojo, melancolÃ­a."
"144","instagram","87da9d760d6c79f70dab0c9e9fada14d","https://www.instagram.com/p/Cw-r6j2sCkU/","2994e829ff9a88895c3c2160b246aa33","ivaniaoj
ğŸ‡²ğŸ‡¦ğŸ˜­ğŸ˜¢
16hReply"," marruecos, covid-19, pandemia, salud, economÃ­a, gobierno, restricciones"
"145","instagram","87da9d760d6c79f70dab0c9e9fada14d","https://www.instagram.com/p/Cw-r6j2sCkU/","3f772ad627d3f2c9503c96ebc81a2d31","masocame04
ğŸ˜³ğŸ˜¢ğŸ’”â³ğŸ™ŒğŸ™
20hReply"," educaciÃ³n, clases virtuales, problemas de internet, alumnos, padres, pandemia"
"146","instagram","87da9d760d6c79f70dab0c9e9fada14d","https://www.instagram.com/p/Cw-r6j2sCkU/","2969e6bfa9971bec37e5d184061ae5c6","leslypineda89
ğŸ˜¢ğŸ˜¢ğŸ˜¢ğŸ˜¢ğŸ˜¢ğŸ˜¢ğŸ˜¢
21hReply"," economÃ­a, polÃ­tica, impuestos, contribuyentes, problemas, cobro, comercio, enojo, representantes, sistema tributario, educaciÃ³n, formaciÃ³n, gobierno, responsabilidad."
"147","instagram","87da9d760d6c79f70dab0c9e9fada14d","https://www.instagram.com/p/Cw-r6j2sCkU/","91a2a29f7f7a967224e206f42ba40154","ale_alvarez1202
ğŸ˜¢ğŸ˜¢ğŸ˜¢ğŸ˜¢
19hReply"," ciencia, experimento, descubrimiento, naturaleza"
"148","instagram","87da9d760d6c79f70dab0c9e9fada14d","https://www.instagram.com/p/Cw-k78_yxp8/","db8e286ab1fa604536e4a89983aa7d37","pgarciavv93
Que lamentablr choque
23hReply
See translation"," choque, lamentable, accidente, trÃ¡fico, vÃ­as, seguridad, transporte"
"149","instagram","87da9d760d6c79f70dab0c9e9fada14d","https://www.instagram.com/p/Cw-k78_yxp8/","4fbbdf5a0a9ccf93d72e9ea7da4826a5","longofosco
@BRANDI_TRADING ğŸ¥°ğŸ¥°ğŸ¥°Estoy muy feliz de familiarizarme con Binance y espero que alcancemos los objetivos de todos los seres humanos reales en el mundo, que es lo mismo que la vida civilizada y libre, y espero que este camino y objetivo puedan superar los problemas que tenemos por delante un poco mÃ¡s fÃ¡cil y con mayor Con la esperanza de la paz y la salud mundiales @BRANDI_TRADING
23hReply
See translation
View replies (1)"," binance, objetivos, seres humanos, vida civilizada, libre, problemas, esperanza, paz, salud, mundial."
"150","instagram","87da9d760d6c79f70dab0c9e9fada14d","https://www.instagram.com/p/Cw-k78_yxp8/","98dd6d9c817a87ded12a9bb7961357d7","denar82828
@trader_vanessaf. 1 es la mejor en lo que hace e invertir con ella nunca ha sido inÃºtil me salvaste la vida me pagaste y no creo que pueda decirte cuÃ¡nto significas para mÃ­ seguirÃ© contÃ¡ndole a la gente sobre tu buen trabajo en mi vidağŸ‡¬ğŸ‡§ğŸ‡ºğŸ‡²ğŸ‡µğŸ‡·ğŸ‡ªğŸ‡¸ğŸ‡¨ğŸ‡¦ğŸ‡®ğŸ‡¹
23h1 likeReply
See translation"," trader, inversiÃ³n, economÃ­a, venezuela, estados unidos, mÃ©xico, puerto rico, espaÃ±a, canadÃ¡, italia."
"151","instagram","87da9d760d6c79f70dab0c9e9fada14d","https://www.instagram.com/p/Cw-k78_yxp8/","32290af35c3a20c6668382415e904dcd","vitalesiciliani
InvestiguÃ© adecuadamente y debo confesar que nadie dirige negocios como tÃº, tengo el privilegio de trabajar contigo. Gracias por ser un Dios enviado a mi vida @BRANDI_TRADING siempre estarÃ© agradecido y agradecido, estoy muy orgulloso de ti en cualquier lugar, personas como tÃº son raras @BRANDI_TRADING
23hReply
See translation"," negocios, privilegio, agradecido, orgulloso, personas, raras, brandi_trading."
"152","instagram","87da9d760d6c79f70dab0c9e9fada14d","https://www.instagram.com/p/Cw-k78_yxp8/","26489f30be51032e9294c60e3cdcdae4","ghettoiza__
@trader_vanessaf. 1 es la mejor en lo que hace e invertir con ella nunca ha sido inÃºtil me salvaste la vida me pagaste y no creo que pueda decirte cuÃ¡nto significas para mÃ­ seguirÃ© contÃ¡ndole a la gente sobre tu buen trabajo en mi vidağŸ‡¬ğŸ‡§ğŸ‡ºğŸ‡²ğŸ‡µğŸ‡·ğŸ‡ªğŸ‡¸ğŸ‡¨ğŸ‡¦ğŸ‡®ğŸ‡¹
23hReply
See translation"," trading, inversiÃ³n, agradecimiento, servicios financieros, herramientas financieras."
"153","instagram","87da9d760d6c79f70dab0c9e9fada14d","https://www.instagram.com/p/Cw-fybmtHk2/","68f02ce9b512fae0a6f1a90fdf393f3d","lilly_26870
ğŸ‘
23h2 likesReply","
impuestos, educaciÃ³n, polÃ­tica, ciudadanÃ­a, economÃ­a, estado de derecho."
"154","instagram","87da9d760d6c79f70dab0c9e9fada14d","https://www.instagram.com/p/Cw-fybmtHk2/","897c79b366cb8d3d544f11a5e1970d81","tallicafan78
Y por que tiene que hablar de la otra ?
23h5 likesReply
See translation"," conflicto, diÃ¡logo, comunicaciÃ³n, actitud, libertad."
"155","instagram","87da9d760d6c79f70dab0c9e9fada14d","https://www.instagram.com/p/Cw-fybmtHk2/","c284b382e85db1dd3f00d8207bb65893","walkingcostarica
Gran noticia!!!!! ğŸ‘ğŸ‘ğŸ‘ğŸ‘
16hReply
See translation"," gran noticia, alegrÃ­a, emociÃ³n, satisfacciÃ³n"
"156","instagram","87da9d760d6c79f70dab0c9e9fada14d","https://www.instagram.com/p/Cw-fybmtHk2/","3fb57b995b70ef36800f4579e00c8226","gdlcagom
Quienes son?
8hReply
See translation"," identidad, pertenencia, cultura, internacional, comparaciÃ³n, estereotipos."
"157","instagram","87da9d760d6c79f70dab0c9e9fada14d","https://www.instagram.com/p/Cw-fybmtHk2/","8ed3169fba40c7b80638ca218745351d","mongeeliezer
Envidia
20h2 likesReply
See translation"," envidia, emociones, sentimientos, afectos."
"158","instagram","87da9d760d6c79f70dab0c9e9fada14d","https://www.instagram.com/p/Cw-fybmtHk2/","9296182779ca38f01103e0c1b77f8859","cinthyabn
Vieja ğŸ¤¡
21h4 likesReply
See translation"," mayores, tristeza, aislamiento, vejez, soledad, tiempo, memoria, envejecimiento."
"159","instagram","87da9d760d6c79f70dab0c9e9fada14d","https://www.instagram.com/p/Cw-fybmtHk2/","60a3edeae353958a7fba8f0437844e73","marcasan
Tienen cara estas especies en extinciÃ³n !!!!
1d1 likeReply
See translation"," extinciÃ³n, especies, naturaleza, fauna, preservaciÃ³n."
"160","instagram","87da9d760d6c79f70dab0c9e9fada14d","https://www.instagram.com/p/Cw-fybmtHk2/","3fbf906667170fab0e076854b7effb33","vickyru0
Me encantaba la sctitud de maricrus leiva ella era tan alegre al hacer sus notas..
1d1 likeReply
See translation"," maricrus leiva, alegrÃ­a, actitud, notas"
"161","instagram","87da9d760d6c79f70dab0c9e9fada14d","https://www.instagram.com/p/Cw-fybmtHk2/","751cb418ebbb60cdc31ed8742f152718","calamard0guap0
""dont try to understand women, women understan women and they hate each other"" -Al Bundy.
23h7 likesReply"," mujer, comprensiÃ³n, enojo, relaciones interpersonales"
"162","instagram","87da9d760d6c79f70dab0c9e9fada14d","https://www.instagram.com/p/Cw-fybmtHk2/","6b56c0a60e2030669a530cf39ec0a05e","mary.beq
Me salvas la vida, fuera de deudas y no creo que alguna vez pueda decirte lo mucho que significas para mÃ­, seguirÃ© contÃ¡ndole a la gente sobre tu buen trabajo en mi vida @trader_eliza_investment
23h3 likesReply
See translation"," deuda, finanzas, inversiÃ³n, ahorro, trader, elizainvestment."
"163","instagram","87da9d760d6c79f70dab0c9e9fada14d","https://www.instagram.com/p/Cw-ZlZlNlcF/","e9bfbf8d1645a40486a79c38e22fa12d","arcejiron
ğŸ˜¢ğŸ˜¢ğŸ˜¢ğŸ˜¢ğŸ˜¢
1dReply"," economÃ­a, impuestos, pib, divisiÃ³n social, protestas, gobierno, recesiÃ³n."
"164","instagram","87da9d760d6c79f70dab0c9e9fada14d","https://www.instagram.com/p/Cw-ZlZlNlcF/","8e9705950520bd3d05274ea343dd4d96","horizontebp
ğŸ˜¢
1d1 likeReply"," ciencia, tecnologÃ­a, innovaciÃ³n, progreso, cambio, pensamiento crÃ­tico."
"165","instagram","87da9d760d6c79f70dab0c9e9fada14d","https://www.instagram.com/p/Cw-ZlZlNlcF/","0086f222e2f8971c82d993392cb64142","brenes2020
ğŸ˜°
23hReply"," covid-19, epidemiologÃ­a, cuarentena, salud pÃºblica, prevenciÃ³n, ciencia, epidemias, sistema de salud."
"166","instagram","87da9d760d6c79f70dab0c9e9fada14d","https://www.instagram.com/p/Cw-ZlZlNlcF/","cc08545c41cff9fe6f135717a20a7029","andrejuamo
ğŸ˜¢
20hReply"," sufrimiento, tristeza, preocupaciÃ³n, ansiedad"
"167","instagram","87da9d760d6c79f70dab0c9e9fada14d","https://www.instagram.com/p/Cw-ZlZlNlcF/","605bece9cf5c56a736bd87924d7317f4","florgaso
Me duele el alma y que impotencia â€¦ solo me uno en oraciÃ³n con ellos ğŸ˜¢
1dReply
See translation"," oraciÃ³n, sufrimiento, decepciÃ³n, emociones, alma, impotencia"
"168","instagram","87da9d760d6c79f70dab0c9e9fada14d","https://www.instagram.com/p/Cw-ZlZlNlcF/","30bdfa398a7dc7e765c5a39d45cd47d0","susiechan87
ğŸ˜­ğŸ˜­ğŸ˜­
1dReply"," polÃ­tica, impuestos, enojo, educaciÃ³n, reformas, gobierno, conflicto, colombia, gremios, sindicatos"
"169","instagram","87da9d760d6c79f70dab0c9e9fada14d","https://www.instagram.com/p/Cw-ZlZlNlcF/","d0e09fa630b79ffa25b1e4a72670d344","gre_1002
ğŸ˜¢
17hReply"," trabajo, salario, ingresos, pobreza, problemas econÃ³micos, desigualdad"
"170","instagram","87da9d760d6c79f70dab0c9e9fada14d","https://www.instagram.com/p/Cw-ZlZlNlcF/","a67c280a8cceb66ea76e15687d5b523f","pam_cant
ğŸ˜¢
1d1 likeReply"," tristeza, emociones, expresiÃ³n, sentimientos"
"171","instagram","87da9d760d6c79f70dab0c9e9fada14d","https://www.instagram.com/p/Cw-ZlZlNlcF/","80c4cdf67b0c1cd9e0c7aa61e70a5776","jennytabash
ğŸ˜¢
1d1 likeReply"," emociones, tristeza, expresiÃ³n facial, estado de Ã¡nimo"
"172","instagram","87da9d760d6c79f70dab0c9e9fada14d","https://www.instagram.com/p/Cw-ZlZlNlcF/","dff1d860dec509ff06b05f00507cd1bb","pgarciavv93
Que tristeza y que dolor tan grande -la naturaleza a veces es muy dura
1d2 likesReply
See translation"," naturaleza, dolor, tristeza, desafÃ­os."
"173","instagram","87da9d760d6c79f70dab0c9e9fada14d","https://www.instagram.com/p/Cw-ZlZlNlcF/","09a4658a2710b5e42d576e47a890b40f","abuser_tuned
ğŸ˜¢ğŸ˜¢
23hReply"," enojo, indignaciÃ³n, protesta, abuso, desigualdad, discriminaciÃ³n, justicia, derechos humanos."
"174","instagram","87da9d760d6c79f70dab0c9e9fada14d","https://www.instagram.com/p/Cw-ZlZlNlcF/","95804fc3a1547cc12e109676a79120d5","analuisacastrochacon
El SeÃ±or tenga piedad y misericordia con todas estas personasğŸ‘ğŸ‘ğŸ‘ğŸ‘ğŸ‘ğŸ‘
1d2 likesReply
See translation"," piedad, misericordia, personas."
"175","instagram","87da9d760d6c79f70dab0c9e9fada14d","https://www.instagram.com/p/Cw-ZlZlNlcF/","52288da2f8cfe72b652249568b2f108a","yemis2701
ğŸ˜¢ğŸ™ğŸ»
23hReply"," economÃ­a, adopciÃ³n, bebÃ©s, perÃº, leyes, protecciÃ³n, justicia, infancia."
"176","instagram","87da9d760d6c79f70dab0c9e9fada14d","https://www.instagram.com/p/Cw-ZlZlNlcF/","65fe0c01cae459a2d0216f0e6fdc1f29","ceciliano12
Yahay que es!? AlgÃºn nombre JudÃ­o o algo asÃ­?
22h3 likesReply
See translation
View replies (5)"," yahay, nombres, judÃ­o, algo"
"177","instagram","87da9d760d6c79f70dab0c9e9fada14d","https://www.instagram.com/p/Cw-ZlZlNlcF/","05716a8a33321ac152a845fd8dc77be3","marysolan
QuÃ© tristeza ğŸ˜­ğŸ™
20hReply
See translation"," tristeza, emociÃ³n, preocupaciÃ³n, ansiedad."
"178","instagram","87da9d760d6c79f70dab0c9e9fada14d","https://www.instagram.com/p/Cw89mgDsBn7/","dea502f17c175a9c61b406ec07ca14ec","aldhenvega
Cuando van a empezar a sacar la cara de la gente? En todo el mundo lo hacen! Si lo estÃ¡n deteniendo es porq ya tienen pruebas! Es una carebarrada este sistema judicial!
1d32 likesReply
See translation
View replies (3)"," detenciÃ³n, justicia, pruebas, ley, indignaciÃ³n."
"179","instagram","87da9d760d6c79f70dab0c9e9fada14d","https://www.instagram.com/p/Cw89mgDsBn7/","9c9db35c4fbd611fe9c7524d0550265b","drazullymprado
ğŸ¤®ğŸ¤®ğŸ¤®ğŸ¤®
1d6 likesReply"," salud, inmunidad, economÃ­a, gastos, impuestos, bienestar"
"180","instagram","87da9d760d6c79f70dab0c9e9fada14d","https://www.instagram.com/p/Cw89mgDsBn7/","93e8d0c66af821844a5d371e4f56ebea","marcevillaltave
ğŸ¤¬ğŸ¤¬ğŸ¤¬
1dReply"," enojo, desigualdad, pandemia, salud, educaciÃ³n, futuro, soluciÃ³n, impuestos, exigencias, responsabilidades, esfuerzos."
"181","instagram","87da9d760d6c79f70dab0c9e9fada14d","https://www.instagram.com/p/Cw89mgDsBn7/","6dfd55e9f3913db9927b72980932adc5","flordemariabadilla
ğŸ”¥ğŸ”¥ğŸ”¥ğŸ”¥ğŸ”¥ğŸ”¥ğŸ”¥ğŸ”¥ğŸ”¥
18hReply"," impuestos, economÃ­a, bienes pÃºblicos, protestas, educaciÃ³n, cambio social, incertidumbre, ciudadanos"
"182","instagram","87da9d760d6c79f70dab0c9e9fada14d","https://www.instagram.com/p/Cw89mgDsBn7/","0071871f386d5a35070c937ca79a093f","jcardona22
Ese CONAVI solo joyitas, para cuando lo cierran???
14h1 likeReply
See translation"," conavi, impuestos, cierre, indignaciÃ³n."
"183","instagram","87da9d760d6c79f70dab0c9e9fada14d","https://www.instagram.com/p/Cw89mgDsBn7/","0bbfad5a986f04ae94eaa2052cddf974","hildaperez318
ğŸ˜®
10hReply"," recesiÃ³n econÃ³mica, impuestos, economÃ­a, gobierno, finanzas, cierre de empresas, empleo, desempleo, desarrollo econÃ³mico, estabilidad financiera."
"184","instagram","87da9d760d6c79f70dab0c9e9fada14d","https://www.instagram.com/p/Cw89mgDsBn7/","b2c1211b7631652da990282cd1faf51c","flaquita0003
Celda 4x4,cadena perpetua!!
1d3 likesReply
See translation
View replies (1)"," cadena perpetua, 4x4, celda, privaciÃ³n de libertad."
"185","instagram","87da9d760d6c79f70dab0c9e9fada14d","https://www.instagram.com/p/Cw89mgDsBn7/","8c4c536cbdb505b394491189cc9cff14","ingridlunaduran
Excelente trabajo
1hReply
See translation"," trabajo, Ã©xito, motivaciÃ³n, productividad, creatividad, perseverancia."
"186","instagram","87da9d760d6c79f70dab0c9e9fada14d","https://www.instagram.com/p/Cw89mgDsBn7/","bc473b24a5d2fc8d82c601bc40cc1d94","1010liankas
OjalÃ¡ tenga larga vida de miseria y sufrimiento.
1d4 likesReply
See translation"," vida,miseria,sufrimiento,enojo."
"187","instagram","87da9d760d6c79f70dab0c9e9fada14d","https://www.instagram.com/p/Cw89mgDsBn7/","948876137ed34208c8094c0e52bc75e5","kary_moreno_08
ğŸ¤®ğŸ¤¬
17hReply"," reciclaje, residuos, contaminaciÃ³n, residuos peligrosos"
"188","instagram","87da9d760d6c79f70dab0c9e9fada14d","https://www.instagram.com/p/Cw89mgDsBn7/","8079e03e0cf7865c960d67d4a2ee1d9f","stephmarieav
Ojala lo suelten por error al patio ğŸ˜
1d4 likesReply
See translation
View replies (2)"," ojalÃ¡, liberaciÃ³n, error, patio"
"189","instagram","87da9d760d6c79f70dab0c9e9fada14d","https://www.instagram.com/p/Cw89mgDsBn7/","a07ebb7787347c4cbbfcb6139612e3f5","anamari020
ğŸ¤¬ğŸ¤¬ğŸ¤¬ğŸ¤¬ğŸ¤¬ğŸ¤¬ğŸ¤¬ğŸ¤¬ğŸ¤¢
1dReply","frustraciÃ³n, ira, impuestos, gobierno, paÃ­s, desigualdad, economÃ­a."
"190","instagram","87da9d760d6c79f70dab0c9e9fada14d","https://www.instagram.com/p/Cw89mgDsBn7/","71e061d63275471c6994f444607c7e1b","jonathan_pmsj
@soypandoracr @giocondafdz @campospatri @psalas01
1d1 likeReply"," educaciÃ³n, contados, cuentos, moralidad, leyendas, cultura."
